1,01,images/01.jpg,1A
2,01,images/01.jpg,1B
3,02,images/02.jpg,2A
4,02,images/02.jpg,2B
5,03,images/03.jpg,3A
6,03,images/03.jpg,3B
7,04,images/04.jpg,4A
8,04,images/04.jpg,4B
9,05,images/05.jpg,5A
10,05,images/05.jpg,5B
11,06,images/06.jpg,6A
12,06,images/06.jpg,6B
13,07,images/07.jpg,7A
14,07,images/07.jpg,7B
15,08,images/08.jpg,8A
16,08,images/08.jpg,8B
17,09,images/09.jpg,9A
18,09,images/09.jpg,9B
19,10,images/10.jpg,10A
20,10,images/10.jpg,10B
21,11,images/11.jpg,11A
22,11,images/11.jpg,11B
23,12,images/12.jpg,12A
24,12,images/12.jpg,12B
25,13,images/13.jpg,13A
26,13,images/13.jpg,13B
27,14,images/14.jpg,14A
28,14,images/14.jpg,14B
29,15,images/15.jpg,15A
30,15,images/15.jpg,15B
31,16,images/16.jpg,16A
32,16,images/16.jpg,16B
33,17,images/17.jpg,17A
34,17,images/17.jpg,17B
35,18,images/18.jpg,18A
36,18,images/18.jpg,18B
37,19,images/19.jpg,19A
38,19,images/19.jpg,19B
39,20,images/20.jpg,20A
40,20,images/20.jpg,20B
41,21,images/21.jpg,21A
42,21,images/21.jpg,21B
43,22,images/22.jpg,22A
44,22,images/22.jpg,22B
45,23,images/23.jpg,23A
46,23,images/23.jpg,23B
47,24,images/24.jpg,24A
48,24,images/24.jpg,24B
49,25,images/25.jpg,25A
50,25,images/25.jpg,25B
51,26,images/26.jpg,26A
52,26,images/26.jpg,26B
53,27,images/27.jpg,27A
54,27,images/27.jpg,27B
55,28,images/28.jpg,28A
56,28,images/28.jpg,28B
